Workbook
Name Slicer_Month: #N/A
Name Slicer_Year: #N/A

Sheet DASHBOARD

Sheet DASHBOARD TOP3

Sheet Visitors and Buyers

Sheet Sales Funnel

Sheet Roadmap

Sheet Sales Volume

Sheet Sales Volume V2

Sheet DASHBOARD SV

Sheet Processing
F1: Visitors & Buyers | N1: Conversion
B2: Returning Buyers | C2: New Buyers | F2: Visitors | G2: Buyers | H2: New Buyers | I2: Cursor V | J2: Cursor B | K2: Cursor F | N2: =B15/I15 -> 0.3679881 | O2: =C15/I15 -> 0.091975147 | P2: =100%-SUM(N2:O2) -> 0.54003676 | S2: Sales Volume | T2: Purchase Volume | U2: Cursor S | V2: Cursor P
A3: JAN | B3: =GETPIVOTDATA(""&B$2,Control!$A$20,"Month",""&$A3) -> 2835 | C3: =GETPIVOTDATA(""&C$2,Control!$A$20,"Month",""&$A3) -> 1665 | E3: JAN | F3: =GETPIVOTDATA("Sum of Visitors",Control!$A$20,"Month",""&A3) -> 8333 | G3: =B3+C3 -> 4500 | H3: =G3-C3 -> 2835 | I3: =IFERROR(GETPIVOTDATA("Sum of Visitors",Control!$A$3,"Month",""&E3),NA()) -> #N/A | J3: =IF(ISNA(I3),I3,G3) -> #N/A | K3: =IF(ISNA(I3),I3,H3) -> #N/A | L3: =IF(ISNA($K3),$K3,F3-G3) -> #N/A | N3: Buyers | O3: =SUM(N2:O2) -> 0.45996324 | R3: JAN | S3: =GETPIVOTDATA("Sum of Sales Volume",Control!$A$20,"Month",""&$R3) -> 168333 | T3: =GETPIVOTDATA("Sum of Purchase Volume",Control!$A$20,"Month",""&$R3) -> 136350 | U3: =IF(ISNA($K3),$K3,S3) -> #N/A | V3: =IF(ISNA($K3),$K3,T3) -> #N/A
A4: FEB | B4: =GETPIVOTDATA(""&B$2,Control!$A$20,"Month",""&$A4) -> 4089 | C4: =GETPIVOTDATA(""&C$2,Control!$A$20,"Month",""&$A4) -> 1222 | E4: FEB | F4: =GETPIVOTDATA("Sum of Visitors",Control!$A$20,"Month",""&A4) -> 10021 | G4: =B4+C4 -> 5311 | H4: =G4-C4 -> 4089 | I4: =IFERROR(GETPIVOTDATA("Sum of Visitors",Control!$A$3,"Month",""&E4),NA()) -> #N/A | J4: =IF(ISNA(I4),I4,G4) -> #N/A | K4: =IF(ISNA(I4),I4,H4) -> #N/A | L4: =IF(ISNA($K4),$K4,F4-G4) -> #N/A | R4: FEB | S4: =GETPIVOTDATA("Sum of Sales Volume",Control!$A$20,"Month",""&$R4) -> 195637 | T4: =GETPIVOTDATA("Sum of Purchase Volume",Control!$A$20,"Month",""&$R4) -> 126452 | U4: =IF(ISNA($K4),$K4,S4) -> #N/A | V4: =IF(ISNA($K4),$K4,T4) -> #N/A
A5: MAR | B5: =GETPIVOTDATA(""&B$2,Control!$A$20,"Month",""&$A5) -> 4795 | C5: =GETPIVOTDATA(""&C$2,Control!$A$20,"Month",""&$A5) -> 1352 | E5: MAR | F5: =GETPIVOTDATA("Sum of Visitors",Control!$A$20,"Month",""&A5) -> 11177 | G5: =B5+C5 -> 6147 | H5: =G5-C5 -> 4795 | I5: =IFERROR(GETPIVOTDATA("Sum of Visitors",Control!$A$3,"Month",""&E5),NA()) -> #N/A | J5: =IF(ISNA(I5),I5,G5) -> #N/A | K5: =IF(ISNA(I5),I5,H5) -> #N/A | L5: =IF(ISNA($K5),$K5,F5-G5) -> #N/A | N5: Sales Funnel | R5: MAR | S5: =GETPIVOTDATA("Sum of Sales Volume",Control!$A$20,"Month",""&$R5) -> 223782 | T5: =GETPIVOTDATA("Sum of Purchase Volume",Control!$A$20,"Month",""&$R5) -> 138774 | U5: =IF(ISNA($K5),$K5,S5) -> #N/A | V5: =IF(ISNA($K5),$K5,T5) -> #N/A
A6: APR | B6: =GETPIVOTDATA(""&B$2,Control!$A$20,"Month",""&$A6) -> 4205 | C6: =GETPIVOTDATA(""&C$2,Control!$A$20,"Month",""&$A6) -> 1051 | E6: APR | F6: =GETPIVOTDATA("Sum of Visitors",Control!$A$20,"Month",""&A6) -> 11427 | G6: =B6+C6 -> 5256 | H6: =G6-C6 -> 4205 | I6: =IFERROR(GETPIVOTDATA("Sum of Visitors",Control!$A$3,"Month",""&E6),NA()) -> 11427 | J6: =IF(ISNA(I6),I6,G6) -> 5256 | K6: =IF(ISNA(I6),I6,H6) -> 4205 | L6: =IF(ISNA($K6),$K6,F6-G6) -> 6171 | N6: New Visitors | O6: =I15-(B15-C15) -> 8273 | R6: APR | S6: =GETPIVOTDATA("Sum of Sales Volume",Control!$A$20,"Month",""&$R6) -> 193785 | T6: =GETPIVOTDATA("Sum of Purchase Volume",Control!$A$20,"Month",""&$R6) -> 158772 | U6: =IF(ISNA($K6),$K6,S6) -> 193785 | V6: =IF(ISNA($K6),$K6,T6) -> 158772
A7: MAY | B7: =GETPIVOTDATA(""&B$2,Control!$A$20,"Month",""&$A7) -> 3740 | C7: =GETPIVOTDATA(""&C$2,Control!$A$20,"Month",""&$A7) -> 1181 | E7: MAY | F7: =GETPIVOTDATA("Sum of Visitors",Control!$A$20,"Month",""&A7) -> 10698 | G7: =B7+C7 -> 4921 | H7: =G7-C7 -> 3740 | I7: =IFERROR(GETPIVOTDATA("Sum of Visitors",Control!$A$3,"Month",""&E7),NA()) -> #N/A | J7: =IF(ISNA(I7),I7,G7) -> #N/A | K7: =IF(ISNA(I7),I7,H7) -> #N/A | L7: =IF(ISNA($K7),$K7,F7-G7) -> #N/A | M7: Checkout | N7: Level 5 | O7: =GETPIVOTDATA(""&N7,Control!$A$3) -> 0.9 | P7: =100%-O7 -> 0.1 | R7: MAY | S7: =GETPIVOTDATA("Sum of Sales Volume",Control!$A$20,"Month",""&$R7) -> 182507 | T7: =GETPIVOTDATA("Sum of Purchase Volume",Control!$A$20,"Month",""&$R7) -> 148470 | U7: =IF(ISNA($K7),$K7,S7) -> #N/A | V7: =IF(ISNA($K7),$K7,T7) -> #N/A
A8: JUN | B8: =GETPIVOTDATA(""&B$2,Control!$A$20,"Month",""&$A8) -> 4056 | C8: =GETPIVOTDATA(""&C$2,Control!$A$20,"Month",""&$A8) -> 1014 | E8: JUN | F8: =GETPIVOTDATA("Sum of Visitors",Control!$A$20,"Month",""&A8) -> 9219 | G8: =B8+C8 -> 5070 | H8: =G8-C8 -> 4056 | I8: =IFERROR(GETPIVOTDATA("Sum of Visitors",Control!$A$3,"Month",""&E8),NA()) -> #N/A | J8: =IF(ISNA(I8),I8,G8) -> #N/A | K8: =IF(ISNA(I8),I8,H8) -> #N/A | L8: =IF(ISNA($K8),$K8,F8-G8) -> #N/A | M8: Action | N8: Level 4 | O8: =GETPIVOTDATA(""&N8,Control!$A$3) -> 0.68 | P8: =100%-O8 -> 0.32 | R8: JUN | S8: =GETPIVOTDATA("Sum of Sales Volume",Control!$A$20,"Month",""&$R8) -> 187523 | T8: =GETPIVOTDATA("Sum of Purchase Volume",Control!$A$20,"Month",""&$R8) -> 124028 | U8: =IF(ISNA($K8),$K8,S8) -> #N/A | V8: =IF(ISNA($K8),$K8,T8) -> #N/A
A9: JUL | B9: =GETPIVOTDATA(""&B$2,Control!$A$20,"Month",""&$A9) -> 2815 | C9: =GETPIVOTDATA(""&C$2,Control!$A$20,"Month",""&$A9) -> 1207 | E9: JUL | F9: =GETPIVOTDATA("Sum of Visitors",Control!$A$20,"Month",""&A9) -> 7448 | G9: =B9+C9 -> 4022 | H9: =G9-C9 -> 2815 | I9: =IFERROR(GETPIVOTDATA("Sum of Visitors",Control!$A$3,"Month",""&E9),NA()) -> #N/A | J9: =IF(ISNA(I9),I9,G9) -> #N/A | K9: =IF(ISNA(I9),I9,H9) -> #N/A | L9: =IF(ISNA($K9),$K9,F9-G9) -> #N/A | M9: Desire | N9: Level 3 | O9: =GETPIVOTDATA(""&N9,Control!$A$3) -> 0.55 | P9: =100%-O9 -> 0.45 | R9: JUL | S9: =GETPIVOTDATA("Sum of Sales Volume",Control!$A$20,"Month",""&$R9) -> 152241 | T9: =GETPIVOTDATA("Sum of Purchase Volume",Control!$A$20,"Month",""&$R9) -> 117160 | U9: =IF(ISNA($K9),$K9,S9) -> #N/A | V9: =IF(ISNA($K9),$K9,T9) -> #N/A
A10: AUG | B10: =GETPIVOTDATA(""&B$2,Control!$A$20,"Month",""&$A10) -> 2181 | C10: =GETPIVOTDATA(""&C$2,Control!$A$20,"Month",""&$A10) -> 1281 | E10: AUG | F10: =GETPIVOTDATA("Sum of Visitors",Control!$A$20,"Month",""&A10) -> 5969 | G10: =B10+C10 -> 3462 | H10: =G10-C10 -> 2181 | I10: =IFERROR(GETPIVOTDATA("Sum of Visitors",Control!$A$3,"Month",""&E10),NA()) -> #N/A | J10: =IF(ISNA(I10),I10,G10) -> #N/A | K10: =IF(ISNA(I10),I10,H10) -> #N/A | L10: =IF(ISNA($K10),$K10,F10-G10) -> #N/A | M10: Interest | N10: Level 2 | O10: =GETPIVOTDATA(""&N10,Control!$A$3) -> 0.48 | P10: =100%-O10 -> 0.52 | R10: AUG | S10: =GETPIVOTDATA("Sum of Sales Volume",Control!$A$20,"Month",""&$R10) -> 133387 | T10: =GETPIVOTDATA("Sum of Purchase Volume",Control!$A$20,"Month",""&$R10) -> 132714 | U10: =IF(ISNA($K10),$K10,S10) -> #N/A | V10: =IF(ISNA($K10),$K10,T10) -> #N/A
A11: SEP | B11: =GETPIVOTDATA(""&B$2,Control!$A$20,"Month",""&$A11) -> 2330 | C11: =GETPIVOTDATA(""&C$2,Control!$A$20,"Month",""&$A11) -> 657 | E11: SEP | F11: =GETPIVOTDATA("Sum of Visitors",Control!$A$20,"Month",""&A11) -> 5240 | G11: =B11+C11 -> 2987 | H11: =G11-C11 -> 2330 | I11: =IFERROR(GETPIVOTDATA("Sum of Visitors",Control!$A$3,"Month",""&E11),NA()) -> #N/A | J11: =IF(ISNA(I11),I11,G11) -> #N/A | K11: =IF(ISNA(I11),I11,H11) -> #N/A | L11: =IF(ISNA($K11),$K11,F11-G11) -> #N/A | M11: Awareness | N11: Level 1 | O11: =GETPIVOTDATA(""&N11,Control!$A$3) -> 0.35 | P11: =100%-O11 -> 0.65 | R11: SEP | S11: =GETPIVOTDATA("Sum of Sales Volume",Control!$A$20,"Month",""&$R11) -> 117396 | T11: =GETPIVOTDATA("Sum of Purchase Volume",Control!$A$20,"Month",""&$R11) -> 163418 | U11: =IF(ISNA($K11),$K11,S11) -> #N/A | V11: =IF(ISNA($K11),$K11,T11) -> #N/A
A12: OCT | B12: =GETPIVOTDATA(""&B$2,Control!$A$20,"Month",""&$A12) -> 2416 | C12: =GETPIVOTDATA(""&C$2,Control!$A$20,"Month",""&$A12) -> 604 | E12: OCT | F12: =GETPIVOTDATA("Sum of Visitors",Control!$A$20,"Month",""&A12) -> 5490 | G12: =B12+C12 -> 3020 | H12: =G12-C12 -> 2416 | I12: =IFERROR(GETPIVOTDATA("Sum of Visitors",Control!$A$3,"Month",""&E12),NA()) -> #N/A | J12: =IF(ISNA(I12),I12,G12) -> #N/A | K12: =IF(ISNA(I12),I12,H12) -> #N/A | L12: =IF(ISNA($K12),$K12,F12-G12) -> #N/A | N12: New Buyers | O12: =O6*O13 -> 1051 | R12: OCT | S12: =GETPIVOTDATA("Sum of Sales Volume",Control!$A$20,"Month",""&$R12) -> 118507 | T12: =GETPIVOTDATA("Sum of Purchase Volume",Control!$A$20,"Month",""&$R12) -> 181396 | U12: =IF(ISNA($K12),$K12,S12) -> #N/A | V12: =IF(ISNA($K12),$K12,T12) -> #N/A
A13: NOV | B13: =GETPIVOTDATA(""&B$2,Control!$A$20,"Month",""&$A13) -> 2568 | C13: =GETPIVOTDATA(""&C$2,Control!$A$20,"Month",""&$A13) -> 1154 | E13: NOV | F13: =GETPIVOTDATA("Sum of Visitors",Control!$A$20,"Month",""&A13) -> 6646 | G13: =B13+C13 -> 3722 | H13: =G13-C13 -> 2568 | I13: =IFERROR(GETPIVOTDATA("Sum of Visitors",Control!$A$3,"Month",""&E13),NA()) -> #N/A | J13: =IF(ISNA(I13),I13,G13) -> #N/A | K13: =IF(ISNA(I13),I13,H13) -> #N/A | L13: =IF(ISNA($K13),$K13,F13-G13) -> #N/A | N13: =N1 -> Conversion | O13: =C15/O6 -> 0.12703977 | R13: NOV | S13: =GETPIVOTDATA("Sum of Sales Volume",Control!$A$20,"Month",""&$R13) -> 142141 | T13: =GETPIVOTDATA("Sum of Purchase Volume",Control!$A$20,"Month",""&$R13) -> 171700 | U13: =IF(ISNA($K13),$K13,S13) -> #N/A | V13: =IF(ISNA($K13),$K13,T13) -> #N/A
A14: DEC | B14: =GETPIVOTDATA(""&B$2,Control!$A$20,"Month",""&$A14) -> 2662 | C14: =GETPIVOTDATA(""&C$2,Control!$A$20,"Month",""&$A14) -> 1088 | E14: DEC | F14: =GETPIVOTDATA("Sum of Visitors",Control!$A$20,"Month",""&A14) -> 8333 | G14: =B14+C14 -> 3750 | H14: =G14-C14 -> 2662 | I14: =IFERROR(GETPIVOTDATA("Sum of Visitors",Control!$A$3,"Month",""&E14),NA()) -> #N/A | J14: =IF(ISNA(I14),I14,G14) -> #N/A | K14: =IF(ISNA(I14),I14,H14) -> #N/A | L14: =IF(ISNA($K14),$K14,F14-G14) -> #N/A | R14: DEC | S14: =GETPIVOTDATA("Sum of Sales Volume",Control!$A$20,"Month",""&$R14) -> 143083 | T14: =GETPIVOTDATA("Sum of Purchase Volume",Control!$A$20,"Month",""&$R14) -> 149480 | U14: =IF(ISNA($K14),$K14,S14) -> #N/A | V14: =IF(ISNA($K14),$K14,T14) -> #N/A
A15: Select | B15: =SUMIF($I$3:$I$14,">0",B3:B14) -> 4205 | C15: =SUMIF($I$3:$I$14,">0",C3:C14) -> 1051 | I15: {=SUM(IFERROR(I3:I14,0))} -> 11427 | J15: {=SUM(IFERROR(J3:J14,0))} -> 5256 | K15: {=J15-SUM(IFERROR(K3:K14,0))} -> 1051 | U15: =GETPIVOTDATA("Sum of Sales Volume",Control!$A$3) -> 193785 | V15: =GETPIVOTDATA("Sum of Purchase Volume",Control!$A$3) -> 158772
O16: Tasks | P16: {=INDEX(O18:O29,Q17)} -> Price | Q16: Month | R16: {=INDEX(N18:N29,Q17)} -> April | T16: Label | U16: ="$"&IF(ABS(U15)>=1000000,TEXT(U15/1000000,"0.0")&"M",IF(ABS(U15)>=1000,TEXT(U15/1000,"0.0")&"K",TEXT(U15,"0"))) -> $193.8K | V16: ="$"&IF(ABS(V15)>=1000000,TEXT(V15/1000000,"0.0")&"M",IF(ABS(V15)>=1000,TEXT(V15/1000,"0.0")&"K",TEXT(V15,"0"))) -> $158.8K
B17: Product A | C17: Product B | D17: Product C | G17: Product A | H17: Product B | I17: Product C | J17: Cursor A | K17: Cursor B | L17: Cursor C | N17: Roadmap | O17: Project Plan Starting Point | Q17: {=MATCH(INDEX(Control!A4:A16,COUNTA(Control!A4:A16)-1),R3:R14,0)} -> 4 | R17: =Q17/12 -> 0.33333333
A18: JAN | B18: =GETPIVOTDATA(""&B$17,Control!$A$20,"Month",""&$A18) -> 136350 | C18: =GETPIVOTDATA(""&C$17,Control!$A$20,"Month",""&$A18) -> 198465 | D18: =GETPIVOTDATA(""&D$17,Control!$A$20,"Month",""&$A18) -> 170185 | F18: JAN | G18: =SUM(B18:D18) -> 505000 | H18: =C18+D18 -> 368650 | I18: =D18 -> 170185 | J18: =IF(ISNA($I3),$I3,G18) -> #N/A | K18: =IF(ISNA($I3),$I3,H18) -> #N/A | L18: =IF(ISNA($I3),$I3,I18) -> #N/A | N18: January | O18: Plan | P18: 30 | Q18: =IF(Q17<7,30*(Q17-1),180) -> 90 | R18: 180
A19: FEB | B19: =GETPIVOTDATA(""&B$17,Control!$A$20,"Month",""&$A19) -> 182406 | C19: =GETPIVOTDATA(""&C$17,Control!$A$20,"Month",""&$A19) -> 185840 | D19: =GETPIVOTDATA(""&D$17,Control!$A$20,"Month",""&$A19) -> 218665 | F19: FEB | G19: =SUM(B19:D19) -> 586911 | H19: =C19+D19 -> 404505 | I19: =D19 -> 218665 | J19: =IF(ISNA($I4),$I4,G19) -> #N/A | K19: =IF(ISNA($I4),$I4,H19) -> #N/A | L19: =IF(ISNA($I4),$I4,I19) -> #N/A | N19: February | O19: Study | P19: 30 | Q19: =IF(Q17<7,30,0) -> 30 | R19: =IF(Q17<7,180,360-Q17*30) -> 180
A20: MAR | B20: =GETPIVOTDATA(""&B$17,Control!$A$20,"Month",""&$A20) -> 173821 | C20: =GETPIVOTDATA(""&C$17,Control!$A$20,"Month",""&$A20) -> 228967 | D20: =GETPIVOTDATA(""&D$17,Control!$A$20,"Month",""&$A20) -> 268559 | F20: MAR | G20: =SUM(B20:D20) -> 671347 | H20: =C20+D20 -> 497526 | I20: =D20 -> 268559 | J20: =IF(ISNA($I5),$I5,G20) -> #N/A | K20: =IF(ISNA($I5),$I5,H20) -> #N/A | L20: =IF(ISNA($I5),$I5,I20) -> #N/A | N20: March | O20: Brand | P20: 30 | Q20: =360-Q18-Q19 -> 240 | R20: =IF(Q17<7,0,30) -> 0
A21: APR | B21: =GETPIVOTDATA(""&B$17,Control!$A$20,"Month",""&$A21) -> 191092 | C21: =GETPIVOTDATA(""&C$17,Control!$A$20,"Month",""&$A21) -> 205434 | D21: =GETPIVOTDATA(""&D$17,Control!$A$20,"Month",""&$A21) -> 184830 | F21: APR | G21: =SUM(B21:D21) -> 581356 | H21: =C21+D21 -> 390264 | I21: =D21 -> 184830 | J21: =IF(ISNA($I6),$I6,G21) -> 581356 | K21: =IF(ISNA($I6),$I6,H21) -> 390264 | L21: =IF(ISNA($I6),$I6,I21) -> 184830 | N21: April | O21: Price | P21: 30 | R21: =180-R19-R20 -> 0
A22: MAY | B22: =GETPIVOTDATA(""&B$17,Control!$A$20,"Month",""&$A22) -> 168973 | C22: =GETPIVOTDATA(""&C$17,Control!$A$20,"Month",""&$A22) -> 194324 | D22: =GETPIVOTDATA(""&D$17,Control!$A$20,"Month",""&$A22) -> 184224 | F22: MAY | G22: =SUM(B22:D22) -> 547521 | H22: =C22+D22 -> 378548 | I22: =D22 -> 184224 | J22: =IF(ISNA($I7),$I7,G22) -> #N/A | K22: =IF(ISNA($I7),$I7,H22) -> #N/A | L22: =IF(ISNA($I7),$I7,I22) -> #N/A | N22: May | O22: Offer | P22: 30
A23: JUN | B23: =GETPIVOTDATA(""&B$17,Control!$A$20,"Month",""&$A23) -> 148470 | C23: =GETPIVOTDATA(""&C$17,Control!$A$20,"Month",""&$A23) -> 189072 | D23: =GETPIVOTDATA(""&D$17,Control!$A$20,"Month",""&$A23) -> 225028 | F23: JUN | G23: =SUM(B23:D23) -> 562570 | H23: =C23+D23 -> 414100 | I23: =D23 -> 225028 | J23: =IF(ISNA($I8),$I8,G23) -> #N/A | K23: =IF(ISNA($I8),$I8,H23) -> #N/A | L23: =IF(ISNA($I8),$I8,I23) -> #N/A | N23: June | O23: Setup | P23: 30
A24: JUL | B24: =GETPIVOTDATA(""&B$17,Control!$A$20,"Month",""&$A24) -> 150288 | C24: =GETPIVOTDATA(""&C$17,Control!$A$20,"Month",""&$A24) -> 176548 | D24: =GETPIVOTDATA(""&D$17,Control!$A$20,"Month",""&$A24) -> 129886 | F24: JUL | G24: =SUM(B24:D24) -> 456722 | H24: =C24+D24 -> 306434 | I24: =D24 -> 129886 | J24: =IF(ISNA($I9),$I9,G24) -> #N/A | K24: =IF(ISNA($I9),$I9,H24) -> #N/A | L24: =IF(ISNA($I9),$I9,I24) -> #N/A | N24: July | O24: Launch | P24: 30
A25: AUG | B25: =GETPIVOTDATA(""&B$17,Control!$A$20,"Month",""&$A25) -> 104939 | C25: =GETPIVOTDATA(""&C$17,Control!$A$20,"Month",""&$A25) -> 149177 | D25: =GETPIVOTDATA(""&D$17,Control!$A$20,"Month",""&$A25) -> 146046 | F25: AUG | G25: =SUM(B25:D25) -> 400162 | H25: =C25+D25 -> 295223 | I25: =D25 -> 146046 | J25: =IF(ISNA($I10),$I10,G25) -> #N/A | K25: =IF(ISNA($I10),$I10,H25) -> #N/A | L25: =IF(ISNA($I10),$I10,I25) -> #N/A | N25: August | O25: Promo | P25: 30
A26: SEP | B26: =GETPIVOTDATA(""&B$17,Control!$A$20,"Month",""&$A26) -> 99586 | C26: =GETPIVOTDATA(""&C$17,Control!$A$20,"Month",""&$A26) -> 144935 | D26: =GETPIVOTDATA(""&D$17,Control!$A$20,"Month",""&$A26) -> 107666 | F26: SEP | G26: =SUM(B26:D26) -> 352187 | H26: =C26+D26 -> 252601 | I26: =D26 -> 107666 | J26: =IF(ISNA($I11),$I11,G26) -> #N/A | K26: =IF(ISNA($I11),$I11,H26) -> #N/A | L26: =IF(ISNA($I11),$I11,I26) -> #N/A | N26: September | O26: Track | P26: 30
A27: OCT | B27: =GETPIVOTDATA(""&B$17,Control!$A$20,"Month",""&$A27) -> 88476 | C27: =GETPIVOTDATA(""&C$17,Control!$A$20,"Month",""&$A27) -> 130997 | D27: =GETPIVOTDATA(""&D$17,Control!$A$20,"Month",""&$A27) -> 136047 | F27: OCT | G27: =SUM(B27:D27) -> 355520 | H27: =C27+D27 -> 267044 | I27: =D27 -> 136047 | J27: =IF(ISNA($I12),$I12,G27) -> #N/A | K27: =IF(ISNA($I12),$I12,H27) -> #N/A | L27: =IF(ISNA($I12),$I12,I27) -> #N/A | N27: October | O27: Advert | P27: 30
A28: NOV | B28: =GETPIVOTDATA(""&B$17,Control!$A$20,"Month",""&$A28) -> 139077 | C28: =GETPIVOTDATA(""&C$17,Control!$A$20,"Month",""&$A28) -> 146854 | D28: =GETPIVOTDATA(""&D$17,Control!$A$20,"Month",""&$A28) -> 140491 | F28: NOV | G28: =SUM(B28:D28) -> 426422 | H28: =C28+D28 -> 287345 | I28: =D28 -> 140491 | J28: =IF(ISNA($I13),$I13,G28) -> #N/A | K28: =IF(ISNA($I13),$I13,H28) -> #N/A | L28: =IF(ISNA($I13),$I13,I28) -> #N/A | N28: November | O28: Adapt | P28: 30
A29: DEC | B29: =GETPIVOTDATA(""&B$17,Control!$A$20,"Month",""&$A29) -> 125038 | C29: =GETPIVOTDATA(""&C$17,Control!$A$20,"Month",""&$A29) -> 151500 | D29: =GETPIVOTDATA(""&D$17,Control!$A$20,"Month",""&$A29) -> 152712 | F29: DEC | G29: =SUM(B29:D29) -> 429250 | H29: =C29+D29 -> 304212 | I29: =D29 -> 152712 | J29: =IF(ISNA($I14),$I14,G29) -> #N/A | K29: =IF(ISNA($I14),$I14,H29) -> #N/A | L29: =IF(ISNA($I14),$I14,I29) -> #N/A | N29: December | O29: Grow | P29: 30
B30: =SUMIF($J$18:$J$29,">0",B18:B29) -> 191092 | C30: =SUMIF($J$18:$J$29,">0",C18:C29) -> 205434 | D30: =SUMIF($J$18:$J$29,">0",D18:D29) -> 184830 | G30: A | H30: B | I30: C | J30: {=SUM(IFERROR(J18:J29,0))} -> 581356 | O30: Scaling Up the Next Cycle
A31: Total | B31: =SUM(B30:D30) -> 581356
A32: Label | B32: ="$"&IF(ABS(B30)>=1000000,TEXT(B30/1000000,"0.0")&"M",IF(ABS(B30)>=1000,TEXT(B30/1000,"0.0")&"K",TEXT(B30,"0"))) -> $191.1K | C32: ="$"&IF(ABS(C30)>=1000000,TEXT(C30/1000000,"0.0")&"M",IF(ABS(C30)>=1000,TEXT(C30/1000,"0.0")&"K",TEXT(C30,"0"))) -> $205.4K | D32: ="$"&IF(ABS(D30)>=1000000,TEXT(D30/1000000,"0.0")&"M",IF(ABS(D30)>=1000,TEXT(D30/1000,"0.0")&"K",TEXT(D30,"0"))) -> $184.8K
B33: ="$"&IF(ABS(B31)>=1000000,TEXT(B31/1000000,"0.0")&"M",IF(ABS(B31)>=1000,TEXT(B31/1000,"0.0")&"K",TEXT(B31,"0"))) -> $581.4K | E33: =COUNTA(Control!$A$4:$A$16)-1 -> 1
E34: 50000
A35: Code | B35: Sales Manager | C35: Sales | E35: KPI Plan | G35: Top-3 Sales Managers | H35: Actual | L35: Label | N35: 1 | O35: 2 | P35: 3 | Q35: 4 | R35: 5
A36: 1 | B36: Ethan Parker | C36: =GETPIVOTDATA(""&B36,Control!$A$3) -> 90633 | E36: =(COUNTA(Control!$A$4:$A$16)-1)*$E$34 -> 50000 | F36: {=_xlfn._xlws.SORT($A$36:$C$40,3,-1)} -> 1 | G36: Ethan Parker | H36: 90633 | I36: =IF((H36/E36)<100%,H36/E36,100%) -> 1 | J36: =IF((H36/E36)<100%,0,H36/E36-100%) -> 0.81266 | K36: =100%-I36 -> 0 | L36: =H36/E36 -> 1.81266 | M36: Top 1 | N36: =IF($F36=N$35,10,0) -> 10 | O36: =IF($F36=O$35,10,0) -> 0 | P36: =IF($F36=P$35,10,0) -> 0 | Q36: =IF($F36=Q$35,10,0) -> 0 | R36: =IF($F36=R$35,10,0) -> 0
A37: 2 | B37: Alex Mitchell | C37: =GETPIVOTDATA(""&B37,Control!$A$3) -> 69774 | E37: =(COUNTA(Control!$A$4:$A$16)-1)*$E$34 -> 50000 | F37: 2 | G37: Alex Mitchell | H37: 69774 | I37: =IF((H37/E37)<100%,H37/E37,100%) -> 1 | J37: =IF((H37/E37)<100%,0,H37/E37-100%) -> 0.39548 | K37: =100%-I37 -> 0 | L37: =H37/E37 -> 1.39548 | M37: Top 2 | N37: =IF($F37=N$35,10,0) -> 0 | O37: =IF($F37=O$35,10,0) -> 10 | P37: =IF($F37=P$35,10,0) -> 0 | Q37: =IF($F37=Q$35,10,0) -> 0 | R37: =IF($F37=R$35,10,0) -> 0
A38: 3 | B38: Lucas Bennett | C38: =GETPIVOTDATA(""&B38,Control!$A$3) -> 758 | E38: =(COUNTA(Control!$A$4:$A$16)-1)*$E$34 -> 50000 | F38: 4 | G38: Emma Sullivan | H38: 21541 | I38: =IF((H38/E38)<100%,H38/E38,100%) -> 0.43082 | J38: =IF((H38/E38)<100%,0,H38/E38-100%) -> 0 | K38: =100%-I38 -> 0.56918 | L38: =H38/E38 -> 0.43082 | M38: Top 3 | N38: =IF($F38=N$35,10,0) -> 0 | O38: =IF($F38=O$35,10,0) -> 0 | P38: =IF($F38=P$35,10,0) -> 0 | Q38: =IF($F38=Q$35,10,0) -> 10 | R38: =IF($F38=R$35,10,0) -> 0
A39: 4 | B39: Emma Sullivan | C39: =GETPIVOTDATA(""&B39,Control!$A$3) -> 21541 | F39: 5 | G39: Sophia Reynolds | H39: 11079
A40: 5 | B40: Sophia Reynolds | C40: =GETPIVOTDATA(""&B40,Control!$A$3) -> 11079 | F40: 3 | G40: Lucas Bennett | H40: 758

Sheet Control
A3: Row Labels | B3: Sum of Visitors | C3: Sum of Returning Buyers | D3: Sum of New Buyers | E3: Sum of Purchase Volume | F3: Sum of Sales Volume | G3: Sum of Product A | H3: Sum of Product B | I3: Sum of Product C | J3: Average of Level 1 | K3: Average of Level 2 | L3: Average of Level 3 | M3: Average of Level 4 | N3: Average of Level 5 | O3: Sum of Ethan Parker | P3: Sum of Alex Mitchell | Q3: Sum of Lucas Bennett | R3: Sum of Emma Sullivan | S3: Sum of Sophia Reynolds
A4: APR | B4: 11427 | C4: 4205 | D4: 1051 | E4: 158772 | F4: 193785 | G4: 191092 | H4: 205434 | I4: 184830 | J4: 0.35 | K4: 0.48 | L4: 0.55 | M4: 0.68 | N4: 0.9 | O4: 90633 | P4: 69774 | Q4: 758 | R4: 21541 | S4: 11079
A5: Grand Total | B5: 11427 | C5: 4205 | D5: 1051 | E5: 158772 | F5: 193785 | G5: 191092 | H5: 205434 | I5: 184830 | J5: 0.35 | K5: 0.48 | L5: 0.55 | M5: 0.68 | N5: 0.9 | O5: 90633 | P5: 69774 | Q5: 758 | R5: 21541 | S5: 11079
A20: Row Labels | B20: Sum of Visitors | C20: Sum of Returning Buyers | D20: Sum of New Buyers | E20: Sum of Purchase Volume | F20: Sum of Sales Volume | G20: Sum of Product A | H20: Sum of Product B | I20: Sum of Product C
A21: JAN | B21: 8333 | C21: 2835 | D21: 1665 | E21: 136350 | F21: 168333 | G21: 136350 | H21: 198465 | I21: 170185
A22: FEB | B22: 10021 | C22: 4089 | D22: 1222 | E22: 126452 | F22: 195637 | G22: 182406 | H22: 185840 | I22: 218665
A23: MAR | B23: 11177 | C23: 4795 | D23: 1352 | E23: 138774 | F23: 223782 | G23: 173821 | H23: 228967 | I23: 268559
A24: APR | B24: 11427 | C24: 4205 | D24: 1051 | E24: 158772 | F24: 193785 | G24: 191092 | H24: 205434 | I24: 184830
A25: MAY | B25: 10698 | C25: 3740 | D25: 1181 | E25: 148470 | F25: 182507 | G25: 168973 | H25: 194324 | I25: 184224
A26: JUN | B26: 9219 | C26: 4056 | D26: 1014 | E26: 124028 | F26: 187523 | G26: 148470 | H26: 189072 | I26: 225028
A27: JUL | B27: 7448 | C27: 2815 | D27: 1207 | E27: 117160 | F27: 152241 | G27: 150288 | H27: 176548 | I27: 129886
A28: AUG | B28: 5969 | C28: 2181 | D28: 1281 | E28: 132714 | F28: 133387 | G28: 104939 | H28: 149177 | I28: 146046
A29: SEP | B29: 5240 | C29: 2330 | D29: 657 | E29: 163418 | F29: 117396 | G29: 99586 | H29: 144935 | I29: 107666
A30: OCT | B30: 5490 | C30: 2416 | D30: 604 | E30: 181396 | F30: 118507 | G30: 88476 | H30: 130997 | I30: 136047
A31: NOV | B31: 6646 | C31: 2568 | D31: 1154 | E31: 171700 | F31: 142141 | G31: 139077 | H31: 146854 | I31: 140491
A32: DEC | B32: 8333 | C32: 2662 | D32: 1088 | E32: 149480 | F32: 143083 | G32: 125038 | H32: 151500 | I32: 152712
A33: Grand Total | B33: 100001 | C33: 38692 | D33: 13476 | E33: 1748714 | F33: 1958322 | G33: 1708516 | H33: 2102113 | I33: 2064339

Sheet Data
A1: Year | B1: Month | C1: Visitors | D1: Returning Buyers | E1: New Buyers | F1: Purchase Volume | G1: Sales Volume | H1: Product A | I1: Product B | J1: Product C | K1: Level 1 | L1: Level 2 | M1: Level 3 | N1: Level 4 | O1: Level 5 | P1: Ethan Parker | Q1: Alex Mitchell | R1: Lucas Bennett | S1: Emma Sullivan | T1: Sophia Reynolds
A2: 2025 | B2: JAN | C2: 5270 | D2: 263 | E2: 284 | F2: 75750 | G2: 80800 | H2: 18988 | I2: 20705 | J2: 41107 | K2: 0.47786776 | L2: 0.59202519 | M2: 0.62907803 | N2: 0.77817243 | O2: 0.93328341 | P2: 19567 | Q2: 11355 | R2: 18000 | S2: 3486 | T2: 28392
A3: 2025 | B3: FEB | C3: 5270 | D3: 339 | E3: 431 | F3: 84840 | G3: 64438 | H3: 13736 | I3: 17170 | J3: 33532 | K3: 0.45166278 | L3: 0.53761777 | M3: 0.62680342 | N3: 0.73881566 | O3: 0.92269723 | P3: 4564 | Q3: 7477 | R3: 13587 | S3: 22206 | T3: 16604
A4: 2025 | B4: MAR | C4: 7150 | D4: 242 | E4: 430 | F4: 88880 | G4: 53227 | H4: 15150 | I4: 5454 | J4: 32623 | K4: 0.41208717 | L4: 0.56279821 | M4: 0.63316881 | N4: 0.80084309 | O4: 0.96869561 | P4: 3715 | Q4: 16677 | R4: 15616 | S4: 14885 | T4: 2334
A5: 2025 | B5: APR | C5: 7150 | D5: 597 | E5: 1329 | F5: 82820 | G5: 50803 | H5: 14847 | I5: 12827 | J5: 23129 | K5: 0.38629794 | L5: 0.62761991 | M5: 0.62221518 | N5: 0.76437628 | O5: 0.9909274 | P5: 21207 | Q5: 7314 | R5: 4854 | S5: 11307 | T5: 6121
A6: 2025 | B6: MAY | C6: 8000 | D6: 459 | E6: 1072 | F6: 67670 | G6: 57873 | H6: 15655 | I6: 10706 | J6: 31512 | K6: 0.50081347 | L6: 0.57505909 | M6: 0.47388282 | N6: 0.78804053 | O6: 0.930992 | P6: 1328 | Q6: 20749 | R6: 4985 | S6: 12762 | T6: 18049
A7: 2025 | B7: JUN | C7: 8000 | D7: 656 | E7: 1070 | F7: 59590 | G7: 72215 | H7: 10403 | I7: 17271 | J7: 44541 | K7: 0.47713594 | L7: 0.60118964 | M7: 0.6134188 | N7: 0.74635637 | O7: 0.84866925 | P7: 12782 | Q7: 8544 | R7: 7433 | S7: 15918 | T7: 27538
A8: 2025 | B8: JUL | C8: 9620 | D8: 748 | E8: 878 | F8: 60600 | G8: 89385 | H8: 31007 | I8: 20402 | J8: 37976 | K8: 0.49941869 | L8: 0.64449842 | M8: 0.61877647 | N8: 0.78556515 | O8: 0.866371 | P8: 23325 | Q8: 26769 | R8: 9406 | S8: 27808 | T8: 2077
A9: 2025 | B9: AUG | C9: 9620 | D9: 717 | E9: 1673 | F9: 72720 | G9: 103727 | H9: 24543 | I9: 19998 | J9: 59186 | K9: 0.51719799 | L9: 0.61436056 | M9: 0.61600909 | N9: 0.78042009 | O9: 0.98469487 | P9: 27857 | Q9: 15621 | R9: 27785 | S9: 13392 | T9: 19072
A10: 2025 | B10: SEP | C10: 10270 | D10: 528 | E10: 1121 | F10: 78275 | G10: 110797 | H10: 21816 | I10: 26361 | J10: 62620 | K10: 0.45254383 | L10: 0.55343315 | M10: 0.642565 | N10: 0.74843947 | O10: 0.93101673 | P10: 37942 | Q10: 25271 | R10: 8081 | S10: 31532 | T10: 7971
A11: 2025 | B11: OCT | C11: 10270 | D11: 1205 | E11: 1734 | F11: 70195 | G11: 108373 | H11: 24341 | I11: 31714 | J11: 52318 | K11: 0.51854976 | L11: 0.5588906 | M11: 0.67687602 | N11: 0.64463913 | O11: 0.69439821 | P11: 28763 | Q11: 6577 | R11: 40093 | S11: 18901 | T11: 14039
A12: 2025 | B12: NOV | C12: 10970 | D12: 1215 | E12: 1485 | F12: 64135 | G12: 97162 | H12: 24038 | I12: 22321 | J12: 50803 | K12: 0.48151493 | L12: 0.45836189 | M12: 0.61580036 | N12: 0.74649698 | O12: 0.81910304 | P12: 10007 | Q12: 26354 | R12: 16516 | S12: 35180 | T12: 9105
A13: 2025 | B13: DEC | C13: 10970 | D13: 1167 | E13: 2481 | F13: 68680 | G13: 80800 | H13: 17473 | I13: 15453 | J13: 47874 | K13: 0.44174305 | L13: 0.55649962 | M13: 0.62801197 | N13: 0.70648569 | O13: 0.74317968 | P13: 12192 | Q13: 12965 | R13: 9516 | S13: 15714 | T13: 30413
... A49: 2028 | B49: DEC | C49: 7800 | D49: 1819 | E49: 1613 | F49: 95950 | G49: 93930 | H49: 12120 | I49: 32926 | J49: 48884 | K49: 0.51859809 | L49: 0.42171166 | M49: 0.66941488 | N49: 0.69725763 | O49: 0.82314357 | P49: 7666 | Q49: 33604 | R49: 29207 | S49: 9101 | T49: 14352

Sheet Resources
