Workbook
Name Slicer_Managers: #N/A
Name Slicer_Month: #N/A
Name Slicer_Year: #N/A

Sheet DASHBOARD

Sheet DASHBOARD DARK

Sheet Processing
A1: Budget/Expenses | B1: Budget | C1: Expenses | D1: Deficit | E1: Cursor | G1: Total Budget | H1: KPI | I1: Pie Chart | M1: Sources | N1: Score
A2: JAN | B2: =GETPIVOTDATA(""&B$1,Control!$A$20,"Month",""&$A2) -> 500 | C2: =GETPIVOTDATA(""&C$1,Control!$A$20,"Month",""&$A2) -> 400 | D2: =IF(ISNA(E2),0,MIN(B2-C2,0)) -> 0 | E2: =IFERROR(GETPIVOTDATA(""&C$1,Control!$A$3,"Month",""&$A2),NA()) -> #N/A | G2: =GETPIVOTDATA("Sum of Budget",Control!$A$20)-SUM(C2:INDEX(C2:C13,GETPIVOTDATA("Max of Number",Control!$A$3))) -> 6400 | H2: =I12/J8 -> 0.66666667 | I2: =IF(H2<100%,0,H2-1) -> 0 | J2: =IF(H2<100%,H2,1-I2) -> 0.66666667 | K2: =1-SUM(I2:J2) -> 0.33333333 | M2: Engagement | N2: =GETPIVOTDATA(""&M2,Control!$A$3) -> 7 | P2: 1 | Q2: 1 | R2: 1 | S2: 1 | T2: 1
A3: FEB | B3: =GETPIVOTDATA(""&B$1,Control!$A$20,"Month",""&$A3) -> 400 | C3: =GETPIVOTDATA(""&C$1,Control!$A$20,"Month",""&$A3) -> 500 | D3: =IF(ISNA(E3),0,MIN(B3-C3,0)) -> 0 | E3: =IFERROR(GETPIVOTDATA(""&C$1,Control!$A$3,"Month",""&$A3),NA()) -> #N/A | M3: Workload | N3: =GETPIVOTDATA(""&M3,Control!$A$3) -> 9 | P3: 1 | Q3: 1 | R3: 1 | S3: 1 | T3: 1
A4: MAR | B4: =GETPIVOTDATA(""&B$1,Control!$A$20,"Month",""&$A4) -> 500 | C4: =GETPIVOTDATA(""&C$1,Control!$A$20,"Month",""&$A4) -> 350 | D4: =IF(ISNA(E4),0,MIN(B4-C4,0)) -> 0 | E4: =IFERROR(GETPIVOTDATA(""&C$1,Control!$A$3,"Month",""&$A4),NA()) -> #N/A | G4: Team Satisfaction Level | M4: Autonomy | N4: =GETPIVOTDATA(""&M4,Control!$A$3) -> 10 | P4: 1 | Q4: 1 | R4: 1 | S4: 1 | T4: 1
A5: APR | B5: =GETPIVOTDATA(""&B$1,Control!$A$20,"Month",""&$A5) -> 450 | C5: =GETPIVOTDATA(""&C$1,Control!$A$20,"Month",""&$A5) -> 550 | D5: =IF(ISNA(E5),0,MIN(B5-C5,0)) -> -100 | E5: =IFERROR(GETPIVOTDATA(""&C$1,Control!$A$3,"Month",""&$A5),NA()) -> 550 | G5: =AVERAGE(N2:N6)/10 -> 0.92 | H5: =1-G5 -> 0.08 | M5: Collaboration | N5: =GETPIVOTDATA(""&M5,Control!$A$3) -> 10
A6: MAY | B6: =GETPIVOTDATA(""&B$1,Control!$A$20,"Month",""&$A6) -> 700 | C6: =GETPIVOTDATA(""&C$1,Control!$A$20,"Month",""&$A6) -> 600 | D6: =IF(ISNA(E6),0,MIN(B6-C6,0)) -> 0 | E6: =IFERROR(GETPIVOTDATA(""&C$1,Control!$A$3,"Month",""&$A6),NA()) -> #N/A | M6: Flow State | N6: =GETPIVOTDATA(""&M6,Control!$A$3) -> 10
A7: JUN | B7: =GETPIVOTDATA(""&B$1,Control!$A$20,"Month",""&$A7) -> 600 | C7: =GETPIVOTDATA(""&C$1,Control!$A$20,"Month",""&$A7) -> 800 | D7: =IF(ISNA(E7),0,MIN(B7-C7,0)) -> 0 | E7: =IFERROR(GETPIVOTDATA(""&C$1,Control!$A$3,"Month",""&$A7),NA()) -> #N/A | G7: Top Managers | H7: Tasks Complet | I7: Cursor | J7: Plan
A8: JUL | B8: =GETPIVOTDATA(""&B$1,Control!$A$20,"Month",""&$A8) -> 800 | C8: =GETPIVOTDATA(""&C$1,Control!$A$20,"Month",""&$A8) -> 950 | D8: =IF(ISNA(E8),0,MIN(B8-C8,0)) -> 0 | E8: =IFERROR(GETPIVOTDATA(""&C$1,Control!$A$3,"Month",""&$A8),NA()) -> #N/A | G8: Manag1 | H8: =GETPIVOTDATA("Sum of Completed",Control!$A$43,"Managers",""&G8) -> 10 | I8: =ISNUMBER(MATCH(G8,Control!$A$37:$A$40,0))*H8 -> 10 | J8: =GETPIVOTDATA("Sum of Plan",Control!$A$36) -> 15 | L8: Task Status | M8: Share
A9: AUG | B9: =GETPIVOTDATA(""&B$1,Control!$A$20,"Month",""&$A9) -> 700 | C9: =GETPIVOTDATA(""&C$1,Control!$A$20,"Month",""&$A9) -> 900 | D9: =IF(ISNA(E9),0,MIN(B9-C9,0)) -> 0 | E9: =IFERROR(GETPIVOTDATA(""&C$1,Control!$A$3,"Month",""&$A9),NA()) -> #N/A | G9: Manag2 | H9: =GETPIVOTDATA("Sum of Completed",Control!$A$43,"Managers",""&G9) -> 10 | I9: =ISNUMBER(MATCH(G9,Control!$A$37:$A$40,0))*H9 -> 0 | L9: Completed | M9: =E15/SUM($C$15:$E$15) -> 0.21276596
A10: SEP | B10: =GETPIVOTDATA(""&B$1,Control!$A$20,"Month",""&$A10) -> 800 | C10: =GETPIVOTDATA(""&C$1,Control!$A$20,"Month",""&$A10) -> 700 | D10: =IF(ISNA(E10),0,MIN(B10-C10,0)) -> 0 | E10: =IFERROR(GETPIVOTDATA(""&C$1,Control!$A$3,"Month",""&$A10),NA()) -> #N/A | G10: Manag3 | H10: =GETPIVOTDATA("Sum of Completed",Control!$A$43,"Managers",""&G10) -> 24 | I10: =ISNUMBER(MATCH(G10,Control!$A$37:$A$40,0))*H10 -> 0 | L10: Pending | M10: =D15/SUM($C$15:$E$15) -> 0.61702128
A11: OCT | B11: =GETPIVOTDATA(""&B$1,Control!$A$20,"Month",""&$A11) -> 1000 | C11: =GETPIVOTDATA(""&C$1,Control!$A$20,"Month",""&$A11) -> 800 | D11: =IF(ISNA(E11),0,MIN(B11-C11,0)) -> 0 | E11: =IFERROR(GETPIVOTDATA(""&C$1,Control!$A$3,"Month",""&$A11),NA()) -> #N/A | G11: Manag4 | H11: =GETPIVOTDATA("Sum of Completed",Control!$A$43,"Managers",""&G11) -> 17 | I11: =ISNUMBER(MATCH(G11,Control!$A$37:$A$40,0))*H11 -> 0 | L11: Added | M11: =C15/SUM($C$15:$E$15) -> 0.17021277
A12: NOV | B12: =GETPIVOTDATA(""&B$1,Control!$A$20,"Month",""&$A12) -> 950 | C12: =GETPIVOTDATA(""&C$1,Control!$A$20,"Month",""&$A12) -> 600 | D12: =IF(ISNA(E12),0,MIN(B12-C12,0)) -> 0 | E12: =IFERROR(GETPIVOTDATA(""&C$1,Control!$A$3,"Month",""&$A12),NA()) -> #N/A | I12: =GETPIVOTDATA("Sum of Completed",Control!$A$36) -> 10
A13: DEC | B13: =GETPIVOTDATA(""&B$1,Control!$A$20,"Month",""&$A13) -> 800 | C13: =GETPIVOTDATA(""&C$1,Control!$A$20,"Month",""&$A13) -> 500 | D13: =IF(ISNA(E13),0,MIN(B13-C13,0)) -> 0 | E13: =IFERROR(GETPIVOTDATA(""&C$1,Control!$A$3,"Month",""&$A13),NA()) -> #N/A | K13: Agile Execution Metrics
B14: =GETPIVOTDATA("Sum of Budget",Control!$A$3) -> 450 | C14: =GETPIVOTDATA("Sum of Expenses",Control!$A$3) -> 550 | D14: =SUM(D2:D13) -> -100 | K14: Indicator | L14: Value
C15: =GETPIVOTDATA("Sum of Added",Control!$A$3) -> 8 | D15: =SUMIF(F17:F28,">0",D17:D28) -> 29 | E15: =GETPIVOTDATA("Sum of Completed",Control!$A$3) -> 10 | K15: {=_xlfn._xlws.SORT($N$15:$O$18,2,-1)} -> Flow Efficiency | L15: 0.99 | M15: =1-L15 -> 0.01 | N15: Commitment Reliability | O15: =GETPIVOTDATA(""&N15,Control!$A$3) -> 0.97
A16: Epic Burndown Chart | B16: indent | C16: Added | D16: Pending | E16: Completed | F16: Cursor | G16: labels | K16: Commitment Reliability | L16: 0.97 | M16: =1-L16 -> 0.03 | N16: Defect-Free Delivery Rate | O16: =GETPIVOTDATA(""&N16,Control!$A$3) -> 0.65
A17: JAN | B17: =SUM(C18:C28) -> 59 | C17: =GETPIVOTDATA(""&C$16,Control!$A$20,"Month",""&$A17) -> 39 | D17: 0 | E17: =GETPIVOTDATA(""&E$16,Control!$A$20,"Month",""&$A17) -> 0 | F17: =ISNUMBER(GETPIVOTDATA("Sum of Added",Control!$A$3,"Month",""&A17))*(SUM(B17:E17)+MAX($B$17:$E$28)*0.2) -> 0 | G17: =IF(F17>0,E17,"") | K17: On-Time Delivery Rate | L17: 0.69 | M17: =1-L17 -> 0.31 | N17: On-Time Delivery Rate | O17: =GETPIVOTDATA(""&N17,Control!$A$3) -> 0.69
A18: FEB | B18: =SUM(C19:C29) -> 53 | C18: =GETPIVOTDATA(""&C$16,Control!$A$20,"Month",""&$A18) -> 6 | D18: =SUM(C17:D17)-E18 -> 32 | E18: =GETPIVOTDATA(""&E$16,Control!$A$20,"Month",""&$A18) -> 7 | F18: =ISNUMBER(GETPIVOTDATA("Sum of Added",Control!$A$3,"Month",""&A18))*(SUM(B18:E18)+MAX($B$17:$E$28)*0.2) -> 0 | G18: =IF(F18>0,E18,"") | K18: Defect-Free Delivery Rate | L18: 0.65 | M18: =1-L18 -> 0.35 | N18: Flow Efficiency | O18: =GETPIVOTDATA(""&N18,Control!$A$3) -> 0.99
A19: MAR | B19: =SUM(C20:C30) -> 47 | C19: =GETPIVOTDATA(""&C$16,Control!$A$20,"Month",""&$A19) -> 6 | D19: =SUM(C18:D18)-E19 -> 33 | E19: =GETPIVOTDATA(""&E$16,Control!$A$20,"Month",""&$A19) -> 5 | F19: =ISNUMBER(GETPIVOTDATA("Sum of Added",Control!$A$3,"Month",""&A19))*(SUM(B19:E19)+MAX($B$17:$E$28)*0.2) -> 0 | G19: =IF(F19>0,E19,"")
A20: APR | B20: =SUM(C21:C31) -> 39 | C20: =GETPIVOTDATA(""&C$16,Control!$A$20,"Month",""&$A20) -> 8 | D20: =SUM(C19:D19)-E20 -> 29 | E20: =GETPIVOTDATA(""&E$16,Control!$A$20,"Month",""&$A20) -> 10 | F20: =ISNUMBER(GETPIVOTDATA("Sum of Added",Control!$A$3,"Month",""&A20))*(SUM(B20:E20)+MAX($B$17:$E$28)*0.2) -> 97.8 | G20: =IF(F20>0,E20,"") -> 10
A21: MAY | B21: =SUM(C22:C32) -> 27 | C21: =GETPIVOTDATA(""&C$16,Control!$A$20,"Month",""&$A21) -> 12 | D21: =SUM(C20:D20)-E21 -> 16 | E21: =GETPIVOTDATA(""&E$16,Control!$A$20,"Month",""&$A21) -> 21 | F21: =ISNUMBER(GETPIVOTDATA("Sum of Added",Control!$A$3,"Month",""&A21))*(SUM(B21:E21)+MAX($B$17:$E$28)*0.2) -> 0 | G21: =IF(F21>0,E21,"")
A22: JUN | B22: =SUM(C23:C33) -> 18 | C22: =GETPIVOTDATA(""&C$16,Control!$A$20,"Month",""&$A22) -> 9 | D22: =SUM(C21:D21)-E22 -> 11 | E22: =GETPIVOTDATA(""&E$16,Control!$A$20,"Month",""&$A22) -> 17 | F22: =ISNUMBER(GETPIVOTDATA("Sum of Added",Control!$A$3,"Month",""&A22))*(SUM(B22:E22)+MAX($B$17:$E$28)*0.2) -> 0 | G22: =IF(F22>0,E22,"")
A23: JUL | B23: =SUM(C24:C34) -> 10 | C23: =GETPIVOTDATA(""&C$16,Control!$A$20,"Month",""&$A23) -> 8 | D23: =SUM(C22:D22)-E23 -> 5 | E23: =GETPIVOTDATA(""&E$16,Control!$A$20,"Month",""&$A23) -> 15 | F23: =ISNUMBER(GETPIVOTDATA("Sum of Added",Control!$A$3,"Month",""&A23))*(SUM(B23:E23)+MAX($B$17:$E$28)*0.2) -> 0 | G23: =IF(F23>0,E23,"")
A24: AUG | B24: 5 | C24: =GETPIVOTDATA(""&C$16,Control!$A$20,"Month",""&$A24) -> 7 | D24: =SUM(C23:D23)-E24 -> 3 | E24: =GETPIVOTDATA(""&E$16,Control!$A$20,"Month",""&$A24) -> 10 | F24: =ISNUMBER(GETPIVOTDATA("Sum of Added",Control!$A$3,"Month",""&A24))*(SUM(B24:E24)+MAX($B$17:$E$28)*0.2) -> 0 | G24: =IF(F24>0,E24,"")
A25: SEP | B25: 3 | C25: =GETPIVOTDATA(""&C$16,Control!$A$20,"Month",""&$A25) -> 2 | D25: =SUM(C24:D24)-E25 -> 5 | E25: =GETPIVOTDATA(""&E$16,Control!$A$20,"Month",""&$A25) -> 5 | F25: =ISNUMBER(GETPIVOTDATA("Sum of Added",Control!$A$3,"Month",""&A25))*(SUM(B25:E25)+MAX($B$17:$E$28)*0.2) -> 0 | G25: =IF(F25>0,E25,"")
A26: OCT | B26: 2 | C26: =GETPIVOTDATA(""&C$16,Control!$A$20,"Month",""&$A26) -> 1 | D26: =SUM(C25:D25)-E26 -> 3 | E26: =GETPIVOTDATA(""&E$16,Control!$A$20,"Month",""&$A26) -> 4 | F26: =ISNUMBER(GETPIVOTDATA("Sum of Added",Control!$A$3,"Month",""&A26))*(SUM(B26:E26)+MAX($B$17:$E$28)*0.2) -> 0 | G26: =IF(F26>0,E26,"")
A27: NOV | B27: =SUM(C28:C38) -> 0 | C27: =GETPIVOTDATA(""&C$16,Control!$A$20,"Month",""&$A27) -> 0 | D27: =SUM(C26:D26)-E27 -> 1 | E27: =GETPIVOTDATA(""&E$16,Control!$A$20,"Month",""&$A27) -> 3 | F27: =ISNUMBER(GETPIVOTDATA("Sum of Added",Control!$A$3,"Month",""&A27))*(SUM(B27:E27)+MAX($B$17:$E$28)*0.2) -> 0 | G27: =IF(F27>0,E27,"")
A28: DEC | B28: =SUM(C29:C39) -> 0 | C28: =GETPIVOTDATA(""&C$16,Control!$A$20,"Month",""&$A28) -> 0 | D28: =SUM(C27:D27)-E28 -> 0 | E28: =GETPIVOTDATA(""&E$16,Control!$A$20,"Month",""&$A28) -> 1 | F28: =ISNUMBER(GETPIVOTDATA("Sum of Added",Control!$A$3,"Month",""&A28))*(SUM(B28:E28)+MAX($B$17:$E$28)*0.2) -> 0 | G28: =IF(F28>0,E28,"")

Sheet Control
A3: Row Labels | B3: Sum of Budget | C3: Sum of Expenses | D3: Sum of Added | E3: Sum of Completed | F3: Average of Commitment Reliability | G3: Average of Defect-Free Delivery Rate | H3: Average of On-Time Delivery Rate | I3: Average of Flow Efficiency | J3: Average of Engagement | K3: Average of Workload | L3: Average of Autonomy | M3: Max of Collaboration | N3: Average of Flow State | O3: Sum of Plan | P3: Max of Number
A4: APR | B4: 450 | C4: 550 | D4: 8 | E4: 10 | F4: 0.97 | G4: 0.65 | H4: 0.69 | I4: 0.99 | J4: 7 | K4: 9 | L4: 10 | M4: 10 | N4: 10 | O4: 15 | P4: 4
A5: Grand Total | B5: 450 | C5: 550 | D5: 8 | E5: 10 | F5: 0.97 | G5: 0.65 | H5: 0.69 | I5: 0.99 | J5: 7 | K5: 9 | L5: 10 | M5: 10 | N5: 10 | O5: 15 | P5: 4
A20: Row Labels | B20: Sum of Budget | C20: Sum of Expenses | D20: Sum of Added | E20: Sum of Completed
A21: JAN | B21: 500 | C21: 400 | D21: 39 | E21: 0
A22: FEB | B22: 400 | C22: 500 | D22: 6 | E22: 7
A23: MAR | B23: 500 | C23: 350 | D23: 6 | E23: 5
A24: APR | B24: 450 | C24: 550 | D24: 8 | E24: 10
A25: MAY | B25: 700 | C25: 600 | D25: 12 | E25: 21
A26: JUN | B26: 600 | C26: 800 | D26: 9 | E26: 17
A27: JUL | B27: 800 | C27: 950 | D27: 8 | E27: 15
A28: AUG | B28: 700 | C28: 900 | D28: 7 | E28: 10
A29: SEP | B29: 800 | C29: 700 | D29: 2 | E29: 5
A30: OCT | B30: 1000 | C30: 800 | D30: 1 | E30: 4
A31: NOV | B31: 950 | C31: 600 | D31: 0 | E31: 3
A32: DEC | B32: 800 | C32: 500 | D32: 0 | E32: 1
A33: Grand Total | B33: 8200 | C33: 7650 | D33: 98 | E33: 98
A36: Row Labels | B36: Sum of Completed | C36: Sum of Plan
A37: Manag1 | B37: 10 | C37: 15
A38: Grand Total | B38: 10 | C38: 15
A43: Row Labels | B43: Sum of Completed | C43: Sum of Plan
A44: Manag1 | B44: 10 | C44: 15
A45: Manag2 | B45: 10 | C45: 45
A46: Manag3 | B46: 24 | C46: 30
A47: Manag4 | B47: 17 | C47: 55
A48: Grand Total | B48: 61 | C48: 145

Sheet Data
A1: Year | B1: Month | C1: Number | D1: Managers | E1: Budget | F1: Expenses | G1: Added | H1: Completed | I1: Commitment Reliability | J1: Defect-Free Delivery Rate | K1: On-Time Delivery Rate | L1: Flow Efficiency | M1: Engagement | N1: Workload | O1: Autonomy | P1: Collaboration | Q1: Flow State | R1: Plan
A2: 2028 | B2: JAN | C2: 1 | D2: Manag1 | E2: 500 | F2: 400 | G2: 39 | H2: 0 | I2: 0.94 | J2: 0.8 | K2: 0.65 | L2: 0.43 | M2: 7 | N2: 9 | O2: 7 | P2: 8 | Q2: 8 | R2: 15
A3: 2028 | B3: FEB | C3: 2 | D3: Manag1 | E3: 400 | F3: 500 | G3: 6 | H3: 7 | I3: 0.73 | J3: 0.7 | K3: 0.77 | L3: 0.82 | M3: 10 | N3: 8 | O3: 10 | P3: 8 | Q3: 10 | R3: 15
A4: 2028 | B4: MAR | C4: 3 | D4: Manag1 | E4: 500 | F4: 350 | G4: 6 | H4: 5 | I4: 0.44 | J4: 0.44 | K4: 0.52 | L4: 0.64 | M4: 6 | N4: 7 | O4: 8 | P4: 9 | Q4: 8 | R4: 15
A5: 2028 | B5: APR | C5: 4 | D5: Manag1 | E5: 450 | F5: 550 | G5: 8 | H5: 10 | I5: 0.97 | J5: 0.65 | K5: 0.69 | L5: 0.99 | M5: 7 | N5: 9 | O5: 10 | P5: 10 | Q5: 10 | R5: 15
A6: 2028 | B6: MAY | C6: 5 | D6: Manag1 | E6: 700 | F6: 600 | G6: 12 | H6: 21 | I6: 0.48 | J6: 0.66 | K6: 0.48 | L6: 0.85 | M6: 9 | N6: 5 | O6: 8 | P6: 10 | Q6: 8 | R6: 15
A7: 2028 | B7: JUN | C7: 6 | D7: Manag1 | E7: 600 | F7: 800 | G7: 9 | H7: 17 | I7: 0.56 | J7: 0.42 | K7: 0.91 | L7: 0.95 | M7: 10 | N7: 6 | O7: 8 | P7: 9 | Q7: 8 | R7: 15
A8: 2028 | B8: JUL | C8: 7 | D8: Manag1 | E8: 800 | F8: 950 | G8: 8 | H8: 15 | I8: 0.55 | J8: 0.56 | K8: 0.56 | L8: 0.92 | M8: 7 | N8: 10 | O8: 5 | P8: 6 | Q8: 5 | R8: 15
A9: 2028 | B9: AUG | C9: 8 | D9: Manag1 | E9: 700 | F9: 900 | G9: 7 | H9: 10 | I9: 0.99 | J9: 0.73 | K9: 0.48 | L9: 0.89 | M9: 10 | N9: 9 | O9: 6 | P9: 10 | Q9: 6 | R9: 15
A10: 2028 | B10: SEP | C10: 9 | D10: Manag1 | E10: 800 | F10: 700 | G10: 2 | H10: 5 | I10: 0.64 | J10: 0.96 | K10: 0.98 | L10: 0.87 | M10: 6 | N10: 9 | O10: 8 | P10: 10 | Q10: 6 | R10: 15
A11: 2028 | B11: OCT | C11: 10 | D11: Manag1 | E11: 1000 | F11: 800 | G11: 1 | H11: 4 | I11: 1 | J11: 0.84 | K11: 0.78 | L11: 0.88 | M11: 7 | N11: 7 | O11: 6 | P11: 7 | Q11: 5 | R11: 15
A12: 2028 | B12: NOV | C12: 11 | D12: Manag1 | E12: 950 | F12: 600 | G12: 0 | H12: 3 | I12: 0.74 | J12: 0.52 | K12: 0.47 | L12: 0.94 | M12: 5 | N12: 10 | O12: 7 | P12: 9 | Q12: 9 | R12: 15
A13: 2028 | B13: DEC | C13: 12 | D13: Manag1 | E13: 800 | F13: 500 | G13: 0 | H13: 1 | I13: 0.71 | J13: 0.79 | K13: 0.94 | L13: 0.51 | M13: 8 | N13: 9 | O13: 10 | P13: 5 | Q13: 5 | R13: 15
... A145: 2030 | B145: DEC | C145: 12 | D145: Manag4 | E145: 1350 | F145: 950 | G145: 0 | H145: 13 | I145: 0.48 | J145: 0.93 | K145: 0.75 | L145: 0.61 | M145: 9 | N145: 10 | O145: 5 | P145: 7 | Q145: 8 | R145: 25

Sheet Resources
B1: Colors | C1: Position | D1: Angle | E1: Transparency | G1: Shadow | O1: $#,##0;-$#,##0;0 | R1: [>=1000]0,"k";[<=-1000]-0,"k";0
B2: #0E1324 | G2: 20 | H2: 1 | I2: 15 | J2: 135 | K2: 15
B3: #111B31
B5: #207BDE
B6: #B171F9
B8: #6FB5EF
B9: #1F2F57
B11: #8AC3F2
B12: #419BE9
B13: #207BDE
B15: #1553B7
B16: #1A74E0
B17: #A0D8FC
B19: #0D95FF
B20: #FF00FF
